year,sentence,key_word
2014,Le  chef  des  armées  que  je  suis  a  quelques  graviers  dans  ses  brodequins  .,brodequins
2014,"Comment  ne  pas  avoir  envie  de  voler  au  secours  de  la  pharmacie  Lajoinie  à  Brive  à  la  ""  recherche  d'  un  brodequin  gauche  perdu  sur  le  trajet  entre  le  boulevard  du  Salan  et  la  gare  ""  ?  À  moins  que  l'  on  ne  préfère  sans  attendre  avertir  Mme  Cavrois  ,  demeurant  à  la  Pigeonnie  ,  que  ""  le  bonnet  d'  enfant  ,  bleu  ,  blanc  ,  rouge  à  rapporter  contre  récompense  ""  est  enfin  retrouvé  et  que  les  couleurs  patriotiques  ,  bien  que  flétries  ,  n'  ont  pas  ,  heureusement  ,  perdu  la  moindre  maille  ...",brodequin
2014,"A  80  ans  ,  alors  que  la  Ville  de  Poitiers  envisage  de  racheter  les  vestiges  de  l'  église  ,  ce  commerçant  à  la  retraite  revient  avec  nostalgie  sur  la  période  durant  laquelle  l'  entreprise  familiale  qu'  il  dirigeait  utilisait  une  partie  de  l'  ancien  édifice  religieux  comme  locaux  pour  les  bureaux  et  le  stockage  du  dépôt  de  chaussures  d'  où  partaient  des  bottes  ,  souliers  ,  brodequins  et  autres  chaussures  dans  presque  toute  la  France  .",brodequins
2014,Dieu  m'  est  témoin  qu'  a  maintes  reprises  j'  ai  reçu  des  mots  indécents  et  vulgaires  émanant  probablement  de  la  junte  militaire  ou  ses  acolytes  qui  puisent  du  lexique  algérien  dont  nous  comprenant  très  bien  l'  origine  ;  celui  qui  a  vécu  des  siècles  d'  oppression  Turque  ;  130  ans  de  massacre  de  l'  identité  et  des  valeurs  ;  et  un  demi  -  siècle  de  lèchement  des  brodequins  militaires  ne  peut  être  qu'  un  grossier  et  injurieux  qui  ne  maîtrise  que  les  rimes  du  dessous  de  la  ceinture  .,brodequins
2014,"C'  est  la  résurgence  du  vieux  supplice  du  brodequin  ,  un  des  outils  préférés  des  inquisiteurs  médiévaux  .",brodequin
2014,"D'  importants  marchés  qui  le  conduisent  à  produire  ""  des  brodequins  en  cuir  pour  les  troupes  à  pied  ,  des  jambières  et  bottes  de  tranchée  .",brodequins
2014,Elle  comprenait  une  scierie  mue  à  l'  électricité  associée  à  une  unité  de  fabrication  de  sabots  et  galoches  et  des  ateliers  pour  la  confection  des  brodequins  pour  l'  armée  et  des  chaussures  civiles  en  cuir  .,brodequins
2014,Ces  prêtres  juges  savaient  qu'  ils  l'  atteignaient  ainsi  plus  cruellement  qu'  avec  les  pinces  et  les  brodequins  du  bourreau  .,brodequins
2014,"Invité  dans  un  château  ,  débarquant  en  treillis  et  veste  de  cachemire  avec  ses  lourds  brodequins  parmi  les  smokings  et  les  souliers  vernis  ,  on  le  vit  préférer  au  blabla  de  salon  une  échappée  belle  vers  le  personnel  des  cuisines  .",brodequins
2014,"À  travers  la  course  d'  un  nuage  ,  le  chant  d'  un  oiseau  ,  une  motte  de  terre  qui  se  dérobe  sous  un  brodequin  ou  une  conversation  décousue  sur  le  yaourt  ,  il  capte  le  grain  même  de  la  vie  ,  dans  sa  médiocrité  et  sa  grandeur  ,  tissant  entre  le  spectateur  et  les  personnages  une  empathie  ,  une  émotion  qui  gagnent  en  densité  à  mesure  que  le  film  progresse  ,  ou  piétine  ,  comme  on  voudra  ,  jusqu'  à  son  dénouement  .",brodequin
2014,"Ils  remplacent  aussi  la  chaussure  arabe  par  des  bottes  en  cuir  noir  de  coupe  européenne  ,  puis  après  1900  par  des  houseaux  et  des  brodequins  cloutés  (  adoptés  aussi  par  les  cavaliers  indigènes  par  la  suite  )  .",brodequins
2014,"Une  ""  chéchia  ""  de  feutre  rouge  ,  une  veste  longue  à  col  rabattu  en  drap  rouge  ,  un  ""  sarouel  ""  de  forme  arabe  en  drap  bleu  sans  tresse  et  des  houseaux  en  maroquin  rougeâtre  à  boucles  de  cuivre  portés  avec  des  brodequins  cloutés  en  composent  les  grandes  lignes  .",brodequins
2014,"Le  ""  sarouel  ""  adopte  une  forme  moins  ample  et  à  jambes  séparées  ,  dite  ""  culotte  cycliste  ""  ou  ""  culotte  russe  ""  ,  la  veste  de  coupe  européenne  remplace  les  effets  arabes  ,  les  chèches  blancs  des  cavaliers  algériens  disparaissent  au  profit  de  chèches  beiges  ou  sable  ,  les  cuirs  des  équipements  ,  des  houseaux  et  des  brodequins  deviennent  fauves  ,  les  chéchias  ,  lorsqu'  elles  ne  sont  pas  remplacées  par  le  casque  métallique  Adrian  modèle  1915  ,  sont  masquées  par  des  manchons  de  toile  sable  ou  cachou  .",brodequins
2014,Et  même  quand  le  défunt  président  algérien  Chadli  benjdid  a  voulu  procéder  à  une  relecture  des  documents  du  congrès  ;  et  la  rencontre  du  Caire  et  les  procès-  verbaux  du  gouvernement  provisoire  :  pour  réaliser  le  rêve  du  peuple  algérien  de  prendre  l'  initiative  en  main  ;  et  s'  organiser  en  partis  politiques  pour  s'  autogouverner  ;  il  a  été  chuté  par  les  brodequins  ;  en  l'  expulsant  de  l'  arène  qu'  ils  prétendaient  être  leur  propriété  privée  par  oppression  et  prédominance  ;  qui  a  dit  que  la  fabrication  des  présidents  en  Algérie  est  une  équation  dont  les  X  sont  résolus  uniquement  par  les  élections  ?  Quelle  clairvoyance  extraordinaire  manifestée  par  la  mule  ;  comme  si  elle  disait  aux  leaders  historiques  ;  une  autre  Algérie  arrivera  d'  au-  delà  des  frontières  ;  ne  vous  fatiguez  pas  aux  hauts  des  Aurès  .,brodequins
2014,"Un  casque  à  pointe  prussien  ,  des  livrets  militaires  de  saint-gaudinois  ,  des  saufs-conduits  ,  une  paire  de  brodequins  ,  des  lettres  ,  des  photographies  ,  un  fusil  Lebel  ,  suffisent  à  symboliser  cette  immense  tragédie  .",brodequins
2014,"Je  mets  mon  linge  dans  ma  musette  ,  je  lace  mes  brodequins  .",brodequins
2014,"Puissants  4  ×  4  ,  uniformes  impeccables  ,  brodequins  parfaitement  cirés  .",brodequins
2014,On  a  la  délicieuse  impression  d'  enfiler  un  confortable  brodequin  joliment  brodé  de  motifs  chinois  .,brodequin
2014,"Uniforme  impeccable  ,  brodequins  cirés  de  frais  ,  béret  vissé  sur  le  crâne  ,  il  reçoit  dans  le  hall  d'  un  hôtel  du  8  e  arrondissement  de  Paris  ,  à  quelques  encablures  du  palais  de  l'  Élysée  .",brodequins
2014,"D'  un  pas  mal  assuré  ,  car  il  a  subi  le  supplice  des  brodequins  ,  Cartouche  se  dirige  vers  l'  échafaud  dressé  au  milieu  de  la  place  ,  noire  de  monde  .",brodequins
2014,Puis  il  enfile  à  Cartouche  les  brodequins  magiques  qui  rétrécissent  à  volonté  .,brodequins
2015,"Il  s'  habille  sportswear  ,  à  la  manière  d'  un  baroudeur  -  brodequins  tout-terrain  à  chaque  passage  ,  pantalons  retroussés  ,  sacs  à  dos  ,  gibecières  et  sacoches  à  foison  -  ,  et  porte  la  montre  Louis  Vuitton  posée  sur  la  manche  comme  une  boussole  .",brodequins
2015,"Elle  réinterprète  aussi  divers  codes  de  son  passé  -  d'  un  cuir  imprimé  de  pixels  en  relief  à  divers  logos  et  marquages  comme  la  Bally  Stripe  ,  en  passant  par  des  brodequins  de  montagne  .",brodequins
2015,"Si  en  plus  ,  le  métier  d'  opposant  paie  bien  et  permet  de  voyager  et  d'  animer  des  conférences  ,  on  enfile  les  brodequins  et  on  s'  engage  .",brodequins
2015,"Facteur  rural  ,  ce  Roustan  ,  qu'  on  n'  appelait  que  Lapinou  ,  faisait  sa  tournée  de  brodequins  cloutés  ,  mais  de  retour  chez  lui  ,  enfilait  ses  sabots  à  nez  camus  et  à  même  le  trottoir  ,  en  taillait  d'  autres  dans  du  hêtre  .",brodequins
2015,"De  là  à  caresser  lascivement  leur  gilet  pare-balles  ou  à  baiser  le  bout  de  leurs  brodequins  ,  il  y  a  encore  un  fossé  que  j'  espère  n'  avoir  jamais  à  franchir  sur  mes  ballerines  libertaires  .",brodequins
2015,"Le  jeune  Hadow  ,  le  plus  inexpérimenté  de  l'  équipée  ,  -mal-  chaussé  de  brodequins  à  clous  glisse  sur  le  rocher  emportant  ses  trois  compagnons  de  tête  dans  le  précipice  de  la  face  nord  ,  alors  que  la  corde  qui  les  relie  aux  trois  autres  se  rompt  .",brodequins
2015,Un  consensus  tacite  existe  pour  que  personne  n'  agite  ses  brodequins  dans  le  marigot  .,brodequins
2015,"Mais  depuis  ,  s'  offusque-t-on  dans  les  rangs  des  anciens  ''  brodequins  ''  ,  rien  n'  aurait  été  fait  pour  trouver  solution  à  leurs  ''  problèmes  ''  .",brodequins
2015,"Les  informations  en  ma  possession  ,  révèlent  que  celui-ci  a  été  battu  à  coups  de  crosse  de  Kalachnikov  en  plein  crâne  ,  avant  que  les  deux  gendarmes  ne  le  jettent  au  sol  pour  écraser  ses  parties  intimes  avec  leurs  brodequins  .",brodequins
2015,"Réponse  du  berger  à  la  bergère  ,  le  chef  du  district  de  Mananjary  ,  Alain  Rasolondrainibeny  ,  et  le  maire  Samuel  Martel  RazafindrakoL  '  accalmie  règne  à  Mananjary  après  les  émeutes  meurtrières  d'  avant-hier  .  to  ont  fait  front  commun  aux  côtés  du  fokonolona  en  clamant  haut  et  fort  que  le  défunt  a  été  battu  à  coups  de  crosse  de  fusil  en  plein  crâne  par  deux  gendarmes  dont  l'  un  était  en  tenue  civile  ,  avant  qu'  ils  ne  le  plaquent  contre  le  sol  pour  lui  écraser  les  reins  avec  leurs  brodequins  .",brodequins
2015,"Je  ne  sais  pas  si  vous  êtes  comme  moi  ,  mais  je  fatigue  un  peu  de  me  jeter  tous  les  jours  au  cou  des  CRS  en  brigade  et  de  leur  astiquer  le  brodequin  .",brodequin
2015,Puis  on  lui  enfile  de  gros  brodequins  d'  un  type  très  spécial  .,brodequins
2015,"Les  ravisseurs  étaient  en  tenue  civile  mais  portaient  ,  en  revanche  des  brodequins  de  militaires  .",brodequins
2015,"Mais  ce  n'  est  pas  une  raison  pour  l'  écraser  sous  les  coups  de  brodequins  dans  les  côtes  ,  de  le  brûler  avec  un  taser  ,  de  le  traîner  par  terre  avant  de  l'  embarquer  à  bord  d'  un  pick  -up  comme  un  porc  .",brodequins
2015," brodequins  ,  matraqué  à  la  tête  puis  électrocuté  avec  une  matraque  électrique  ,  avant  d'  être  traîné  à  même  le  bitume  jusqu'  à  un  pick-up  .",brodequins
2015,"Soit  ,  exactement  soixante-dix  printemps  -  ou  plutôt  automnes  -  ,  pour  ce  brodequin  à  la  dégaine  rustique  et  increvable  qui  ,  hasard  des  tendances  ,  est  réinterprété  par  de  nombreuses  marques  et  créateurs  au  point  de  se  profiler  comme  un  indispensable  de  l'  hiver  2015  -  2016  .",brodequin
2015,"Il  lui  cire  tellement  les  brodequins  que  Louis  XIV  lui-même  le  rappelle  ,  en  deux  octosyllabes  ,  à  plus  de  retenue  (  ""  Je  vous  louerai  davantage  si  vous  ne  me  louiez  pas  tant  ""  )  .",brodequins
2015,"Spécialisée  dans  les  brodequins  de  travail  destinés  aux  professionnels  de  l'  agriculture  ,  Rouchette  SAS  s'  oriente  vers  la  chaussure  de  loisirs  ,  de  détente  et  de  jardinage  ,  sous  trois  marques  ,  Elty  ,  Elty  Pro  ,  et  Pause  Nature  .",brodequins
2015,Nous  allons  demander  à  tous  les  candidats  aux  régionales  de  nous  dire  clairement  leur  position  à  défaut  de  venir  manifester  avec  nous  le  6  novembre  à  10  h  30  sur  les  rails  à  Flassian  en  brodequins  et  bleus  de  chauffe  !,brodequins
2015,"Et  dans  la  matinée  ,  l'  emblématique  place  de  la  République  sera  recouverte  de  ces  mocassins  ,  escarpins  ou  brodequins  .",brodequins
2015,"Qui  ,  même  s'  ils  ne  la  paient  pas  ,  savent  mieux  que  quiconque  qu'  un  brodequin  de  qualité  n'  a  pas  de  prix  .",brodequin
2015,"Et  pire  ,  il  ment  3  fois  de  suite  sur  le  montant  total  entrainant  ainsi  plusieures  fouilles  de  baggages  jusqu'  ŕ  la  découverte  de  billets  verts  męme  dans  son  képi  rouge  et  ses  brodequins  -  Eh  Allah  ,  j'  ai  honte  pour  nous  tous  !",brodequins
2015,"Côté  savoir-faire  ,  la  marque  est  réputée  pour  ses  doubles  coutures  ,  son  fameux  cousu  norvégien  et  ses  techniques  de  montage  issues  des  brodequins  .",brodequins
2015,"Marine  Le  Pen  est-elle  si  ignorante  et  amnésique  pour  oublier  que  ce  sont  bien  les  braves  tirailleurs  sénégalais  ressortissants  des  pays  africains  en  général  ,  du  Sénégal  en  particulier  ,  vêtus  de  toile  ,  de  bandelettes  ,  de  chéchia  et  de  brodequins  ,  qui  bravaient  le  froid  et  les  vents  glaciaux  du  Nord  ,  pour  faire  face  aux  troupes  de  l'  Allemagne  pour  défendre  son  pays  la  France  ?",brodequins
2016,"Pour  un  soupçon  de  fantaisie  ,  on  pourra  se  laisser  séduire  chez  Emling  par  une  forme  brodequin  à  empeigne  lisse  qui  marie  un  veau  calf  et  un  veau  velours  à  impression  prince-de-galles  (  -  40  %  ,  186  €  .",brodequin
2016,"L'  esprit  général  très  workwear  -  coupes  avec  des  épaules  larges  empruntées  aux  vestes  de  travail  ,  chaussures  façon  brodequins  de  sécurité  ,  bandes  signalétiques  ,  doubles  surpiqûres  et  autres  rivets  à  la  manière  des  habits  de  chantier  -  est  ""  twisté  ""  avec  des  touches  plus  naïves  .",brodequins
2016,"Façonnés  dans  des  cuirs  précieux  -  crocodile  ,  python  mat  ,  cuir  d'  autruche  -  aux  patines  subtiles  ,  brodequins  ,  derbys  à  bouts  fleuris  et  baskets  montantes  rivalisent  de  détails  luxueux  qui  attestent  des  savoir-faire  ès  cuirs  de  ce  côté  des  Alpes  .",brodequins
2016,"Certaines  références  à  la  montagne  (  skis  vintage  ,  piolets  ,  brodequins  ,  cloches  ,  toile  de  tente  )  qui  semblent  avoir  été  posées  là  par  hasard  .",brodequins
2016,"Comme  on  l'  imagine  ,  à  l'  époque  on  fait  davantage  dans  l'  efficace  que  dans  le  glamour  :  les  brodequins  ,  essentiellement  destinés  aux  travaux  agricoles  et  encore  exposés  aujourd  '  hui  dans  le  magasin  ,  vous  alourdissaient  d'  un  kilo  à  chaque  pied  .",brodequins
2016,"-  Comparé  aux  autres  soldats  en  matière  d'  équipement  militaire  ,  le  soldat  tchadien  fait  figure  de  miséreux  :  un  pantalon  ,  une  chemise  ,  un  béret  (  ou  un  chèche  )  et  des  chaussures  càd  que  tout  le  monde  n'  a  pas  des  brodequins  et  un  petit  bidon  !",brodequins
2016,"Nous  marchons  chargés  de  quatre  jours  de  vivres  et  de  munitions  et  ,  chose  incompréhensible  ,  de  brodequins  neufs  ,  perçus  au  moment  du  départ  .",brodequins
2016,En  comprenant  leur  bévue  abyssale  ses  bourreaux  ont  fui  en  brousse  en  oubliant  męme  leurs  brodequins  .,brodequins
2016,"*  Dans  les  rencontres  avec  n'  importe  quel  homme  en  treillis  et  brodequins  ,  męme  s'  il  te  marche  dessus  il  faut  dire  Ť  padon  chef  ť  et  jurer  que  tu  sais  par  cur  que  Ť  le  pays  est  commandé  ť  sinon  réserve  tout  de  suite  un  lit  au  mouroir  sanitaire  le  plus  proche  du  lieu  de  ta  bastonnade  inoubliable  afin  de  recevoir  tes  derniers  soins  chirurgicaux  .",brodequins
2016,"Les  détonations  ont  continué  pendant  que  les  marcheurs  refluaient  en  courant  ,  poursuivis  par  les  militaires  Saras  dont  nous  entendions  les  cris  et  les  bruits  de  brodequins  et  qui  continuaient  à  tirer  sur  eux  comme  des  lapins  .",brodequins
2016,"Désormais  affublé  d'  une  salopette  ,  de  brodequins  jaunes  et  d'  un  nez  rouge  ,  il  campe  à  longueur  de  sketchs  un  clown  rondouillard  au  phrasé  populaire  .",brodequins
2016,L'  Académie  de  médecine  fait  état  d'  un  autre  problème  relatif  au  chaussement  :  lorsque  ces  précieux  brodequins  sont  moins  larges  que  le  pied  .,brodequins
2016,"La  princesse  semble  si  menue  ,  si  frêle  ,  si  attendrissante  !  ""  Jolie  figure  de  capote  ,  disait  d'  elle  Mme  de  Girardin  ,  jolie  taille  de  mantelet  ,  joli  pied  de  brodequin  ,  jolie  main  pour  un  gant  bien  fait  .",brodequin
2016,"Par  ailleurs  ,  Liam  Fox  ,  un  autre  ""  brexiter  ""  ,  a  été  nommé  en  charge  du  Commerce  ,  ce  qui  ne  laisse  pas  grand-chose  dans  le  brodequin  de  Boris  Johnson  .",brodequin
2016,"Il  mettait  tour  à  tour  des  sandales  ou  des  cothurnes  ,  des  chaussures  militaires  ou  des  brodequins  de  femme  .",brodequins
2016,"La  meilleure  façon  pour  lui  de  sauver  son  honneur  qu'  il  estime  bafoué  ,  n'  était  pas  de  tomber  à  bras  raccourcis  sur  le  pauvre  chroniqueur  ,  mais  de  se  remettre  en  cause  en  cherchant  à  requinquer  l'  armée  malienne  qui  ,  faut-il  le  dire  ,  a  aujourd  '  hui  le  moral  au  bas  des  brodequins  ;  en  atteste  la  récente  attaque  du  camp  militaire  de  Nampala  qui  avait  coûté  la  vie  à  17  soldats  .",brodequins
2016,"Celui-ci  a  été  roué  de  coups  de  brodequins  ,  brûlé  avec  un  taser  ,  traîné  par  terre  comme  un  porc  ,  avant  d'  être  embarqué  sous  le  siège  d'  un  pickup  de  l'  Emmo  security  .",brodequins
2016,"Accusée  d'  avoir  provoqué  le  feu  dans  la  maison  de  sa  maîtresse  ,  Marie-Josèphe  ,  dite  Evangélique  devait  d'abord  subir  le  supplice  du  brodequin  ,  une  séance  de  torture  soigneusement  conçue  pour  extirper  ses  aveux  et  la  forcer  à  exprimer  sa  culpabilité  et  ses  remords  .",brodequin
2016,"Alors  ,  préparez  vite  vos  brodequins  et  votre  bâton  de  marche  et  venez  passer  une  agréable  matinée  en  toute  convivialité  .",brodequins
2016,La  fusion  du  TagesAnzeiger  et  du  Bund  s'  était  faite  sur  fond  de  limogeage  des  délégués  du  personnel  de  ces  deux  titres  (  avec  l'  ignominieuse  bénédiction  d'  un  Tribunal  fédéral  transformé  pour  l'  occasion  en  lustreur  de  brodequins  des  intérêts  de  Tamedia  )  .,brodequins
2016,"Des  écoles  de  plusieurs  sections  communales  comme  Bidouze  ,  Brodequin  et  d'  autres  n'  existent  plus  .",brodequin
2017,"Léonard  est  une  plaie  ,  une  malédiction  ,  et  dans  le  rôle  ,  Jean  Lefebvre  est  exceptionnel  :  un  sommet  de  pleurnicherie  ,  chantage  affectif  ,  et  autres  roueries  du  pot  de  terre  contre  le  pot  de  fer  -  ""  Vous  promettez  ,  vous  promettez  !  C'  est  facile  de  promettre  !  Et  puis  c'  est  pas  à  vous  qu'  on  passera  les  brodequins  .",brodequins
2017,Montebourg  et  Mélenchon  essaient  de  s'  accrocher  aux  basques  de  ton  pantalon  multipoches  et  à  tes  brodequins  de  sécurité  .,brodequins
2017,"Avant  de  rentrer  dans  la  piaule  ,  il  tape  le  cul  de  sa  pipe  contre  le  talon  de  son  brodequin  droit  pour  la  vider  dans  l'  herbe  .",brodequin
2017,"Chaussez  vos  brodequins  ,  coiffez-vous  de  votre  fedora  et  ,  surtout  ,  n'  oubliez  pas  votre  machette  et  votre  lotion  antimoustique  .",brodequins
2017,"Des  dizaines  d'  individus  affirment  avoir  été  écrasés  à  coups  de  brodequins  dans  le  dos  ,  giflés  ,  aspergés  de  lacrymogène  et  battus  à  coups  de  crosse  de  fusils  .",brodequins
2017,"Et  puis  ,  se  dandiner  sur  des  brodequins  à  talons  hauts  ,  ça  vous  met  en  confiance  .",brodequins
2017,"L'  espace  d'  une  journée  et  afin  qu'  ils  s'  imprègnent  parfaitement  de  cette  dangereuse  époque  où  ,  face  à  l'  occupant  ,  des  jeunes  gens  et  jeunes  filles  de  toute  condition  sociale  s'  étaient  délibérément  engagés  dans  la  Résistance  ,  ils  ont  revêtu  les  habits  de  ce  temps  (  bérets  ,  jupes  longues  ,  moustaches  factices  ,  brodequins  )  .",brodequins
2017,"A  travers  cette  revue  du  brodequin  au  croquenot  ,  Antoine  de  Baecque  esquisse  une  évolution  de  la  marche  et  de  la  randonnée  .",brodequin
2017,"""  Mes  brodequins  traînent  avec  eux  de  gros  paquets  de  boue  .",brodequins
2017,"Comme  elle  s'  obstinait  à  clamer  son  innocence  ,  on  lui  imposa  le  supplice  des  brodequins  ,  qui  broyaient  les  os  des  jambes  ...",brodequins
2017,"En  l'  occurrence  ,  les  brodequins  :  on  a  placé  la  jambe  du  condamné  entre  deux  planches  et  on  a  serré  au  moyen  d'  un  étau  .",brodequins
2017,"Il  y  aura  aussi  des  séries  ,  comme  Les  Munsters  de  l'  Ouest  et  Chapeau  de  feu  et  brodequin  de  cuir  .",brodequin
2017,"Des  découvertes  d'  effets  militaires  dont  un  treillis  ,  un  galon  de  commandant  de  l'  armée  ainsi  que  des  brodequins  ont  accompagné  ces  saisies  d'  armes  .",brodequins
2017,"La  gendarmerie  a  dans  la  foulée  mis  la  main  sur  du  matériel  de  banditisme  dont  deux  paires  de  brodequins  des  éléments  des  forces  de  l'  ordre  ,  un  treillis  ainsi  qu'  un  sabre  .",brodequins
2017,"Parfois  injoignable  ,  quand  il  enfile  ses  brodequins  d'  alpiniste  et  ses  crampons  ,  mais  toujours  fiable  au  sommet  ,  il  cache  sous  un  côté  distant  ,  une  vraie  pudeur  et  une  vie  intérieure  très  riche  .",brodequins
2017,Des  fois  elle  s'  arrêtait  et  on  entendait  alors  des  bruits  semblables  au  retentissement  de  brodequins  de  plusieurs  soldats  .,brodequins
2017,"Histoire  de  le  garder  sous  contrôle  ,  elle  lui  avait  offert  ,  contre  toute  attente  ,  le  prestigieux  brodequin  du  Foreign  office  ,  tout  en  lui  ôtant  toute  prérogative  sur  les  négociations  du  Brexit  .",brodequin
2017,"""  Ces  vétérinaires  ,  que  j'  imagine  casquettes  ,  brodequins  et  galons  ,  ont  affirmé  au  journal  que  ""  La  qualité  organoleptique  d'  une  viande  n'  est  pas  corrélative  avec  sa  qualité  hygiénique  ,  ensuite  de  nombreuses  études  ont  toutes  conclu  à  la  haute  valeur  organoleptique  et  gustative  de  la  viande  issue  des  différentes  races  de  moutons  d'  Algérie  ,  dont  la  Hamra  de  l'  ouest  nettement  supérieure  au  Sardi  qui  est  la  principale  race  ovine  du  Maroc  .",brodequins
2017,"Débarrassé  d'  un  caillou  dans  ses  brodequins  -  on  fera  avec  ou  sans  la  candidature  de  Michel  Barat  -  ,  le  tandem  Orsucci-Orlandi  pourrait  ainsi  se  passer  de  l'  étiquette  Macron  .",brodequins
2017,"Ma  grand-mère  Marguerite  cuisinait  et  se  promenait  avec  un  chapeau  cloche  recouvert  de  plumes  et  une  jupe  de  drap  épais  ,  garnie  de  brodequins  .",brodequins
2017,"Jean  Bouillé  ,  21  ans  ,  de  Limon  ,  a  quant  à  lui  quitté  son  cantonnement  le  26  juin  1917  ,  avec  ""  capote  ,  vareuse  ,  pantalon  ,  brodequins  ,  béret  ,  bidon  de  2  l  et  toile  de  tente  ""  .",brodequins
2017,"Monsieur  Godillot  était  un  fabricant  de  brodequins  militaires  en  usage  dans  l'  infanterie  jusqu'  à  la  seconde  guerre  mondiale  et  sans  doute  par  rapprochement  avec  la  formule  d'  Einstein  ""  Pour  marcher  au  pas  ,  pas  besoin  de  cerveau  ,  la  moelle  épinière  suffit  ""  ,  le  nom  de  Godillots  fut  attribué  aux  fidèles  du  général  de  Gaulle  qui  avait  l'  habitude  de  ne  jamais  remettre  en  cause  leur  chef  ,  et  de  suivre  ses  consignes  sans  discuter  ,  d'  où  le  nom  de  ""  Parti  Godillot  ""  dont  fut  affublé  l'  UNR  qui  votait  sans  barguigner  les  textes  proposés  par  l'  exécutif  sans  tenir  compte  des",brodequins
2017,"Depuis  des  années  ,  Saad  baise  les  brodequins  et  les  babouches  de  ceux  qu'  on  soupçonne  d'  avoir  assassiné  son  père  .",brodequins
2017,"Promu  lieutenant  en  1963  ,  il  participe  en  1964  -  1965  ,  aux  côtés  du  capitaine  Yoro  Diakité  et  du  lieutenant  de  Gendarmerie  Bakary  Traoré  ""  Brodequin  ""  ,  au  Tanganyika  (  Tanzanie  )  à  la  formation  des  combattants  nationalistes  (  ANC  en  Afrique  du  Sud  ,  Swapo  en  Namibie  ,  Frelimo  en  Mozambique  et  Mpla  en  Angola  )  engagés  dans  les  pays  dits  de  la  ""  ligne  de  front  ""  en  Afrique  australe  .",brodequin
2017,"Vous  avez  vos  brodequins  de  sécurité  ?  Votre  tablier  de  cuir  ?  Votre  casque  de  chantier  ?  Un  litre  de  rouquin  pour  chasser  la  limaille  du  gosier  ?  La  cuisine  d'  hiver  ,  ça  ne  se  fait  pas  déguisé  en  tutu  ou  en  pingouin  d'  opérette  .",brodequins
2017,"Né  en  1920  près  de  Falaise  (  Calvados  )  ,  il  apparaît  en  vareuse  à  noeud  et  brodequins  ,  avec  sa  classe  à  la  communale  de  la  Hoguette  ,  puis  serrant  la  main  de  Nelson  Mandela  ,  de  Johnny  Hallyday  ou  enlaçant  Fidel  Castro  ,  prononçant  un  discours  devant  des  milliers  de  militants  ,  ou  à  bord  d'  une  voiture  suivant  le  Tour  de  France  :  la  vie  de  Georges  Marchais  suit  l'  histoire  du  XXe  siècle  .",brodequins
2017,"Les  brodequins  réglementaires  étaient  portés  par  les  soldats  d'  actif  ,  les  souliers  civils  par  les  réservistes  .",brodequins
2017,"""  On  est  vraiment  dans  l'  humain  ,  on  arrive  à  savoir  de  quoi  ils  sont  morts  ,  à  les  identifier  ,  à  remonter  le  fil  ""  ,  souligne  l'  archéo-anthropologue  en  glissant  un  brodequin  dans  un  sac  .",brodequin
2018,Je  vous  laisse  le  plaisir  de  parcourir  à  votre  tour  ces  pages  essentielles  pour  un  homme  qui  a  toujours  su  rester  droit  dans  ses  brodequins  .,brodequins
2018,"L'  éphémère  premier  ministre  Oumar  Tatam  Ly  ,  le  presque  ""  blanc  bec  ""  Mamadou  Igor  Diarra  et  son  allié  Ousmane  Koné  ,  ex  DG  de  la  CMDT  entretiennent  bien  leur  calvitie  pour  l'  épreuve  de  Koulouba  2018  ,  oubliant  qu'  ils  sont  marqués  à  la  culotte  par  un  autre  vrai  athlète  ,  qui  vient  d'  échapper  des  écuries  des  bidasses  sans  épaulette  et  sans  brodequins  .",brodequins
2018,"Si  les  punitions  ,  délits  et  crimes  étudiés  vont  des  brodequins  posés  sur  le  lit  au  meurtre  ,  on  ne  peut  pourtant  nullement  affirmer  que  les  soldats  africains  étaient  plus  dissipés  que  leurs  homologues  malgaches  ,  indochinois  ,  voire  français  .",brodequins
2018,Eux  ne  le  peuvent  pas  et  en  cela  c'  est  grand  honneur  qu'  ils  me  font  en  considérant  que  je  les  empêche  de  se  sentir  bien  dans  les  brodequins  guerriers  !,brodequins
2018,C'  était  aussi  la  première  chaussure  militaire  produite  en  masse  selon  le  modèle  du  brodequin  napolitain  tenant  la  cheville  .,brodequin
2018,"C'  est  en  1925  que  le  grand-père  de  Joseph  Paradis-Pomiès  crée  ,  à  Pontacq  ,  ""  LA  ""  chaussure  de  montagne  ,  ce  brodequin  souvent  imité  jamais  égalé  parce  que  fabriqué  sur-mesure  et  à  la  main  ,  que  tout  randonneur  ,  ou  berger  pyrénéen  ,  a  aux  pieds  .",brodequin
2018,"C'  est  sûr  qu'  enfiler  des  brodequins  à  talons  le  matin  pour  aller  bosser  ,  ça  vous  change  l'  allure  ,  la  démarche  .",brodequins
2018,"Le  brodequin  militaire  dont  le  ""  godillot  ""  originel  est  l'  ancêtre  .",brodequin
2018,"Les  plus  ingénieux  soutenaient  que  Samba  DD  était  un  esprit  capricieux  qui  s'  en  était  pris  à  une  pauvre  -  ""  et  vieille  ""  -  dame  ,  en  lui  fracassant  le  crâne  avec  les  brodequins  -  ""  noirs  ""  -  de  son  militaire  de  mari  .",brodequins
2018,"Avec  ses  solides  chaussures  brodequins  ,  auréolé  des  effluves  de  sa  pipe  ,  il  arpentait  perpétuellement  les  boulevards  et  ruelles  de  son  Dakar  de  ""  Rukku-  Djiné  ""  à  l'  avenue  Roume  .",brodequins
2018,"""  La  progression  vers  le  front  [  ...  ]  se  faisait  par  la  voie  ""  normale  ""  ,  c'  est  à  dire  à  pied  ""  ,  écrit  Mario  Rigoni  Stern  ,  alors  chasseur  alpin  de  la  division  Tridentina  qui  ,  en  1942  ,  marcha  vers  le  Caucase  à  raison  de  quarante  kilomètres  par  jour  chaussé  de  lourds  brodequins  mal  adaptés  au  terrain  .",brodequins
2018,Tous  ont  reçu  des  coups  de  matraque  et  de  brodequins  parfois  aux  fesses  .,brodequins
2018,"Seulement  ,  les  manifestations  des  rues  se  terminaient  le  plus  souvent  à  l'  avantage  de  la  corruption  et  des  corrompus  qui  tenaient  et  tiennent  encore  en  main  ,  hélas  !  le  pouvoir  de  les  réprimer  dans  le  sang  ,  envoyant  les  têtes  dures  des  manifestants  en  prison  ,  tabassant  les  suiveurs  à  coups  de  matraque  ,  meurtrissant  les  derrières  des  brailleurs  à  coups  de  brodequins  ,  intimidant  les  sympathisants  en  leur  faisant  croire  qu'  ils  appellent  à  la  ''  fitna  ''  ,  au  désordre  ,  à  l'  anarchie  ,  au  chaos  .",brodequins
2018,"En  1320  ,  le  pape  Jean  XXII  recommande  à  l'  Université  de  Toulouse  que  les  étudiants  aient  tous  la  même  tenue  ,  telle  qu'  elle  a  été  précisée  dans  un  statut  antérieur  de  quelques  années  :  une  tunique  ouverte  ,  une  soubreveste  fermée  ,  un  corset  sans  manche  ,  un  capuchon  ,  des  mitaines  et  des  brodequins  ,  le  tout  ne  devant  pas  coûter  plus  de  vingt  à  vingt-cinq  sols  tournois  (  Bastard  d'  Estang  515  )  .",brodequins
2018,"Avec  cette  guerre  qui  dure  depuis  4  ans  et  un  peuple  de  combattants  qui  n'  a  que  des  sandales  en  plastique  à  ses  pieds  (  et  non  des  brodequins  )  et  une  besace  avec  des  dattes  et  de  la  farine  pour  toute  logistique  ,  nous  assistons  là  un  cas  rare  de  guerre  inégale  .",brodequins
2018,C'  est  Elton  John  en  brodequins  !  Et  il  y  a  son  rire  .,brodequins
2018,"Il  était  une  fois  une  paire  de  grolles  ,  des  vrais  brodequins  ,  non  pas  de  ceux  qui  font  le  pied  de  grue  au  palais  Bourbon  ,  mais  des  godillots  au  laçage  complexe  ,  avec  œillets  et  crochets  ,  des  chaussures  désireuses  de  battre  la  campagne  et  qui  n'  avaient  qu'  un  seul  désir  :  ""  Faire  leur  chemin  ""  .",brodequins
2018,Ainsi  s'  achève  l'  histoire  de  cette  paire  de  brodequins  .,brodequins
2018,J'  ai  encore  dans  les  oreilles  et  jusque  dans  le  cerveau  le  crissement  de  la  neige  sous  les  brodequins  ;  les  éternuements  et  les  quintes  de  toux  des  sentinelles  russes  ;  le  froissement  des  herbes  sèches  battues  par  le  vent  sur  les  rives  du  Don  .,brodequins
2018,"Chapeau  couvrant  son  maigre  visage  buriné  et  brodequins  aux  pieds  ,  le  jeune  homme  de  27  ans  est  parti  de  Mahdia  (  est  )  .",brodequins
2018,Ces  gens  sont  incapables  de  se  sentir  bien  dans  une  paire  de  brodequins  eux  qui  étrangement  sont  des  godillots  honteux  .,brodequins
2018,"Voltaire  préférait  nouer  ses  cravates  lui-même  ,  plutôt  que  de  porter  des  cravates  à  système  ,  il  redoutait  les  fanatismes  de  la  superstition  ,  mais  se  méfiait  de  la  raison  fanatique  ,  il  n'  aimait  ,  en  jurisprudence  ,  ni  les  lits  de  justice  ,  ni  les  brodequins  ,  ni  les  chevalets  ,  et  en  philosophie  se  défiait  des  lits  de  Procuste  .",brodequins
2018,"Avant  de  partir  ,  il  se  procure  deux  Louis  d'  or  qu'  il  dissimule  soigneusement  dans  le  talon  de  ses  brodequins  .",brodequins
2018,Mais  il  conserve  ses  brodequins  .,brodequins
2018,Le  second  reste  dans  le  brodequin  .,brodequin
2018,"Entre-temps  ,  le  Louis  d'  or  du  brodequin  aura  été  serti  et  monté  en  pendentif  .",brodequin
2018,"Ce  vêtement  ,  d'  une  forte  étoffe  de  coton  teinte  en  couleur  de  jaune  roux  ,  habille  le  corps  largement  et  descend  jusqu'  au  dessous  de  la  ceinture  ;  les  manches  en  sont  fort  amples  et  vont  en  s'  évasant  du  côté  du  poignet  ;  des  espèces  de  brandebourgs  de  laine  rouge  garnissent  symétriquement  le  devant  de  cet  habillement  ;  une  culotte  de  toile  blanche  formant  beaucoup  de  plis  ne  descend  qu'  à  la  moitié  de  la  cuisse  ;  et  ces  cavaliers  étaient  chaussés  d'  une  espèce  de  brodequin  de  maroquin  rouge  ;  l'  ensemble  de  cet  habillement  fait  un  très  bel  effet  .",brodequin
2018,Elle  doit  ensuite  subir  la  '  torture  des  brodequins  '  .,brodequins
2018,Les  clous  plantés  dans  le  reste  d'  une  chaussure  en  cuir  avaient  d'abord  permis  de  reconnaître  les  brodequins  d'  un  soldat  français  .,brodequins
2018,"On  peut  également  voir  dans  la  salle  des  objets  d'  époque  utilisés  par  les  combattants  :  cafetière  ,  gourde  ,  gamelle  ,  bidon  ,  chaufferette  ,  brodequins  cloutés  ,  etc  .  ,  et  le  livret  ""  Le  livre  d'  or  des  poilus  de  Lamarque-près-Béarn  ""  ,  réalisé  par  Jean  Quidarré  .",brodequins
2018,"Le  Chemin  du  Cimetière  rend  épineux  nos  brodequins  en  soie  ,  qui  nous  rongent  la  moelle  après  s'  être  défait  de  nos  peaux  et  de  nos  os  .",brodequins
2018,"Elle  propose  aussi  à  la  vente  des  chaussures  sur  mesures  ou  en  tout  genre  pour  enfants  ,  fillettes  ,  dames  et  hommes  :  chaussons  (  Strasbourg  )  ,  souliers  (  Richelieu  ,  Ninon  )  ,  bottes  ,  bottines  (  élastiques  ,  lacées  )  ,  brodequins  ,  galoches  ,  snow  boots  .",brodequins
2018,"En  1918  ,  à  40  ans  ,  le  matricule  13  0  0  2  est  un  homme  d'  expérience  ,  qui  a  usé  ses  brodequins  sur  les  pires  champs  de  bataille  :  la  Somme  ,  la  Marne  ,  Verdun  ,  le  Chemin  des  Dames  ...",brodequins
2018,"Les  uniformes  collent  à  la  peau  ,  les  pieds  saignent  dans  les  brodequins  neufs  .",brodequins
2018,Augustin  Trébuchon  a  usé  ses  brodequins  sur  les  pires  champs  de  bataille  en  tant  qu'  agent  de  liaison  .,brodequins
2018,"Le  souci  du  détail  est  toujours  de  mise  ,  nous  devrons  donc  surveiller  le  moindre  bouton  et  que  les  brodequins  soient  bien  cirés  pour  être  représentatifs  de  ce  qui  se  faisait  à  l'  époque  .",brodequins
2018,"Une  gamelle  ,  un  brodequin  ,  le  plus  élimé  des  bandeaux  de  crêpe  noir  nous  a  reliés  à  lui  et  à  ceux  qu'  il  aimait  ,  et  à  ses  frères  d'  armes  ,  ennemis  ou  amis  ,  venus  des  cinq  continents  .",brodequin
2018,"Des  brodequins  par  centaines  ont  été  sortis  de  la  glaise  ,  souvent  intacts  ,  avec  sur  la  semelle  le  nom  de  l'  usine  de  fabrication  .",brodequins
2018,"La  même  boue  ,  celle  des  terres  de  l'  Argonne  ,  de  Champagne  ou  de  la  Somme  épuise  pareillement  les  combattants  des  deux  camps  ,  soudés  à  cette  glèbe  par  les  semelles  lourdes  de  leurs  brodequins  ou  de  leurs  bottes  .",brodequins
2018,"On  dit  que  c'  était  sa  future  femme  ,  mais  ça  ,  c'  est  une  légende  ,  je  pense  qu'  il  était  avec  une  professionnelle  et  on  voit  les  guêtres  et  les  brodequins  de  la  dame  .",brodequins
2018,"Les  tirages  redonnent  vie  aux  objets  du  soldat  :  qu'  ils  soient  anodins  --  une  paire  de  brodequins  cloutés  --  ,  poignants  --  un  portefeuille  déchiqueté  par  la  mitraille  --  ou  triviaux  --  le  petit  kit  sanitaire  du  visiteur  de  bordel  de  campagne  .",brodequins
2018,"Ils  ont  aussi  quelque  chose  des  Yellow  Boots  ,  ces  brodequins  américains  en  croûte  de  cuir  coloris  safran  qui  reviennent  en  tête  des  tendances  ,  bien  qu'  ils  ne  soient  pas  franchement  confortables  ni  chauds  .",brodequins
2018,"Voici  la  synagogue  des  Juifs  allemands  ,  rue  du  Chaume  ,  et  ,  un  peu  partout  ,  les  magasins  des  bougnats  ,  et  les  réduits  bretons  autour  de  Montparnasse  ;  voici  le  Parlement  ,  rendez-vous  des  lingères  et  des  libraires  ,  des  entremetteurs  et  des  amants  ,  des  lettrés  et  des  filous  ,  des  princes  ,  des  courtisans  et  de  la  robe  ,  et  de  l'  autre  côté  des  nobles  murs  ,  des  scies  et  des  brodequins  pour  la  vérité  ;  voici  la  rue  où  Rossel  s'  est  rendu  aux  Versaillais  avant  d'  être  fusillé  à  Satory  ,  et  cette  autre  rue  d'  où  Marie  Skobtsov  est  partie  pour  Ravensbrück  ;  et  le  petit  jardin  de  Clemenceau  à  l'  ombre  des  pères  jésuites  ,  et  le  Lutetia  des  supplices  ;  et  ,  comme  un  visiteur  sans  doute  à  son  premier  voyage  ,  alors  que  j'  étais  né  là  ,  je  me  réjouissais  d'  être  ainsi  roulé  comme  un  caillou  dans  ce  fleuve  sans  fin  .",brodequins
2018,"Elle  a  été  battue  à  coups  de  brodequins  ,  piétinée  ,  giflée  à  plusieurs  reprises  ,  jetée  violemment  dans  un  camion  militaire  et  emmenée  au  Commissariat  du  1  er  arrondissement  .",brodequins
2018," Brodequins  bien  cirés  ,  uniforme  (  pantalon  ,  veste  et  coiffure  )  camouflage  bien  repassé  ,  c'  était  plutôt  un  Kagame  en  mode  soldat  .",brodequins
2018,"""  Une  belle  dame  ,  c'  est  vrai  ,  fit-il  ,  une  vraie  lady  ;  et  tiens  ,  regarde  ce  qu'  il  y  a  d'  écrit  sous  les  semelles  de  ses  brodequins  :  Berkint-London  .",brodequins
2018,"Je  m'  apprêtai  à  m'  étendre  sur  le  lit  -  mon  lit  à  moi  ,  -  pour  la  dernière  fois  .  11  heures  venaient  de  sonner  ;  je  délaçai  mes  brodequins  ,  quand  tout  à  coup  ,  dans  la  nuit  calme  ,  les  cloches  de  Saint-Thomas  d'  Aquin  commencèrent  à  carillonner  en  volée  .",brodequins
2018,"Oui  ,  c'  était  loin  !  Je  restais  là  ,  songeuse  ,  les  pieds  dans  des  babouches  ,  mes  brodequins  à  la  main  ,  et  voilà  que  ,  timidement  ,  presque  honteuse  ,  je  m'  approchai  de  l'  âtre  et  je  les  disposai  sur  le  foyer  :  une  idée  folle  ,  le  désir  ingénu  ,  ridicule  ,  d'  éprouver  une  dernière  fois  l'  impression  d'  enfance  que  jamais  ,  jamais  plus  ,  je  n'  aurais  la  possibilité  de  ressentir  .",brodequins
2019,"Celui  qui  doit  l'  avoir  mauvaise  ,  en  revanche  ,  et  qui  n'  aura  pourtant  ménagé  aucun  effort  pour  faire  rentrer  tous  les  Chouard  et  les  Drouet  de  la  terre  au  chausse-pied  dans  ses  brodequins  bolivariens  ,  c'  est  Jean-Luc  Mélenchon  .",brodequins
2019,"Sur  ces  disques  ,  le  bruit  des  avions  ,  celui  du  souffle  court  des  hommes  qui  savent  qu'  ils  sont  en  train  décrire  une  page  d'  histoire  ,  celui  aussi  des  planches  du  vieux  wagon  qui  crissent  sous  la  botte  légère  des  vainqueurs  et  des  pesants  des  brodequins  des  vaincus  .",brodequins
2019,"toutes  sortes  ,  ni  celui  des  ""  Agrégés  ""  des  systèmes  néocoloniaux  qui  ,  face  à  des  sujets  d'  une  extrême  complexité  technique  ,  pérorent  et  abusent  du  recours  à  la  locution  péremptoire  ,  jeu  très  prisé  par  les  ""  intellectuel  colonisés  ""  en  particulier  .  Si  un  ""  Agrégé  ""  ose  comme  ci-après  expertiser  juste  comme  Son  Excellence  Luigi  Di  Maio  ,  dans  certaines  Universités  néo-coloniales  c'  est  là  même  en  face  des  Etudiants  ,  que  le  cueillent  les  janissaires  du  Parti  Unique  Néococolonial  ,  pour  commencer  à  le  rosser  de  coups  de  poings  ,  crosses  de  fusils  ,  brodequins  :  écoutons  un  très  jeune  humaniste  en  pleurs  :  ""  Si  la  France  ne  régnait  pas  au-dessus  des  colonies  africaines  ,  parce  que  c'  est  ainsi  qu'  il  faut  appeler  ces  pays  sous  le  joug  ,  on  la  mettrait  au  15  è  rang  sur  le  classement  des  ""  Puissances  Economiques  Mondiales  ""  .",brodequins
2019,"Il  en  sortait  une  vraie  philosophie  ,  apprise  avec  la  cordonnerie  ,  la  boue  des  chemins  ,  et  le  cuir  dur  des  brodequins  .",brodequins
2019,Le  vestiaire  imaginé  par  Karl  Lagerfeld  et  Virginie  Viard  -son  ex-bras  droit  qui  assure  aujourd  '  hui  la  direction  de  la  création  des  collections-est  celui  de  montagnardes  ultrachic  chaussées  de  brodequins  à  plateforme  coiffées  de  fédora  et  qui  s'  attachent  les  cheveux  avec  des  rubans  noirs  et  des  camélias  blancs  .,brodequins
2019,"Le  média  affirme  :  ""  Selon  des  documents  consultés  par  nos  soins  ,  le  premier  porte  sur  l'  acquisition  de  tenues  de  combat  bariolées  (  22,5  millions  DH  )  ,  le  deuxième  concerne  l'  achat  de  parkas  bariolées  (  42,4  millions  DH  )  alors  que  le  troisième  est  relatif  à  des  lots  de  brodequins  (  22,5  millions  DH  )  .",brodequins
2019,Mola  eut  tout  juste  le  réflexe  de  porter  ses  mains  sur  son  visage  pour  le  protéger  des  violents  coups  de  brodequins  que  cette  brute  lui  assenait  .,brodequins
2019,"Puis  on  le  soumit  à  nouveau  à  la  ""  question  ""  (  la  torture  légale  )  pour  lui  arracher  le  nom  de  ses  complices  :  les  pieds  écrasés  dans  les  brodequins  ,  il  persista  dans  l'  affirmation  incroyable  pour  tous  qu'  il  avait  agi  seul  et  reconnut  l'  horreur  de  son  geste  .",brodequins
2019,"De  plus  ,  en  l'  absence  de  travaux  d'  aménagement  sur  les  Bassins  Versants  (  BV  )  de  la  rivière  de  Vieux  Bourg  d'  Aquin  ,  de  la  rivière  de  Brodequin  ,  de  la  Ravine  d'  Haiti  ,  de  la  Ravine  Kodass  ,  de  la  Rivière  Salée  et  la  Rivière  Citron  ,  la  baie  d'  Aquin  est  régulièrement  envahie  par  des  débris  et  matériaux  de  toutes  sortes  provenant  de  ces  cours  d'  eau  .",brodequin
2019,"Des  escouades  de  gardes  mobiles  ,  casqués  ,  vêtus  de  cirés  noirs  ,  chaussés  de  brodequins  ,  le  mousqueton  à  la  main  ,  longeaient  lentement  le  boulevard  Sébastopol  .",brodequins
2019,"Quatre  autres  classiques  de  la  marque  -  le  brodequin  Avoriaz  ,  le  mocassin  Reims  (  femme  )  ou  Dax  (  homme  )  et  la  sandale  Ferret  -  sont  également  réinterprétés  en  cuir  blanc  ,  la  couleur  de  l'  été  2019  ,  et  mis  en  scène  dans  cet  espace  éphémère  ,  pour  lequel  l'  artiste  Martin  Berger  et  le  photographe  Vincent  Desailly  ont  été  mis  à  contribution  .",brodequin
2019,"Il  avançait  au  milieu  des  voiliers  ,  entre  les  moules  de  ponts  et  de  coques  ,  balançait  lentement  ,  un  pied  après  l'  autre  ,  ses  brodequins  de  deux  cents  kilos  ,  soulevait  à  chaque  pas  un  petit  nuage  de  poussière  .",brodequins
2019,On  m'  abandonna  dans  une  chambre  sans  porte  ni  fenêtre  avec  mes  brodequins  crottés  de  la  boue  angevine  et  ma  chemise  de  trois  semaines  .,brodequins
2019,"Les  uniformes  sont  repassés  ,  les  cuivres  astiqués  ,  les  brodequins  cirés  .",brodequins
2019,"Son  journal  ne  lustrait  pas  suffisamment  les  brodequins  du  syndic  qui  ,  en  rétorsion  ,  a  coupé  le  robinet  à  pub  et  indisposé  le  conseil  d'  administration  .",brodequins
2019,"Quoi  qu'  insuffisant  pour  certaines  de  ces  dépenses  ,  cet  argent  débloqué  pour  le  défilé  (  dotation  des  militaires  en  nouvelles  tenues  et  brodequins  ,  location  des  chaînes  et  tribunes  installés  sur  le  boulevard  général  Alfred  Raoul  ,  le  chapiteau  devant  la  présidence  de  la  République  ,  l'  apéritif  ,  les  administrations  publiques  ,  carburant  ,  etc  )  ,  auraient  néanmoins  peser  à  résoudre  tant  soi  peu  une  difficulté  .",brodequins
2019,"Celui  de  Taroudant  ira  aussi  ,  en  treillis  et  brodequins  ,  des  journées  d'  affilée  ,  au  chevet  des  victimes  du  drame  des  crues  diluviennes  de  Tizert  .",brodequins
2019,"Celles  des  élégantes  ,  appelées  escarpins  ,  façon  Dior  ,  dont  les  talons  avaient  souvent  besoin  d'  un  remplacement  ,  celles  des  ouvriers  qui  se  voulaient  solides  ,  parfois  cloutées  comme  certains  brodequins  des  écoliers  et  surtout  ""  tenant  bien  le  pied  ""  .",brodequins
2019,"Pour  l'  heure  ,  tous  les  appelés  ont  reçu  leur  paquetage  :  des  uniformes  neufs  (  2  treillis  verts  ,  brodequins  et  casquette  )  en  plus  de  survêtements  et  tenue  de  sport  .",brodequins
2019,"Après  ,  toilettes  ,  douche  ,  rasage  de  près  et  cirage  de  brodequins  .",brodequins
2019,"Après  ,  les  troupes  passent  aux  ""  pas  de  gym  ""  ,  les  poignets  collés  à  la  poitrine  sur  fond  sonore  de  bruits  de  brodequins  .",brodequins
2019,"J'  ai  les  pieds  en  sang  et  je  ne  peux  plus  marcher  avec  mes  brodequins  détrempés  ,  Simone  Simon  me  donne  une  paire  d'  espadrilles  pour  que  nous  puissions  rejoindre  le  maquis  .",brodequins
2019,"Les  organisateurs  des  manifestations  avaient  déjà  été  condamnés  ,  pour  des  sommes  comparables  ,  à  rembourser  les  gazons  et  les  fleurs  des  parcs  du  centre-ville  piétinés  non  par  les  manifestants  ,  mais  par  les  lourds  brodequins  des  compagnies  de  sécurité  venus  les  gazer  et  les  matraquer  .",brodequins
2019,Autant  qu'  une  bonne  paire  de  brodequins  passée  par  ses  mains  .,brodequins
2019,"Sékou  Touré  n'  était  qu'  un  simple  autodidacte  et  ses  successeurs  ,  de  braves  soldats  aux  lourds  brodequins  et  aux  idées  simples  .",brodequins
2019,"Oui  !  Bambeto  retrouvera  l'  énergie  de  la  patrie  !  Le  chemin  du  cimetière  rend  épineux  nos  brodequins  en  soie  ,  qui  nous  rongent  la  moelle  après  s'  être  défait  de  nos  peaux  et  de  nos  os  .",brodequins
2019,-2  ans  de  mouvements  de  bérets  rouges  aux  brodequins  pointus  et  à  la  gâchette  facile  avec  leur  cortège  de  victimes  .,brodequins
2019,"Passons  sur  la  réaction  délirante  du  ""  secrétariat  national  du  polisario  ""  ,  le  FP  n'  ayant  eu  de  cesse  de  botter  à  côté  de  ses  brodequins  usés  .",brodequins
2019,"Droit  dans  ses  brodequins  ,  Ahmed  Gaïd  Salah  ne  l'  est  ,  à  80  ans  bientôt  passés  -le  13  janvier  prochain-  ,  physiquement  plus  vraiment  .",brodequins
2019,"Les  bottines  ,  santiags  ,  derbies  et  brodequins  sont  en  vogue  en  ce  moment  .",brodequins
2019,"Le  centre  donc  agite  ses  petits  poings  ,  même  s'  il  n'  est  pas  sûr  sur  que  les  brutes  de  la  droite  dure  et  de  la  gauche  sectaire  en  tremblent  dans  leurs  brodequins  d'  extrémistes  ainsi  caricaturés  .",brodequins
2019,"La  suite  c'  est  des  coups  de  point  ,  de  tête  de  brodequins  à  n'  en  plus  finir  jusqu'  à  ce  que  mort  s'  en  suive  .",brodequins
2019,"Derrière  toutes  les  ""  distinctions  ""  qu'  elle  a  eues  on  trouve  la  marque  génétique  du  renseignement  algérien  :  des  gazo-dollars  spoliés  au  peuple  algérien  et  un  argumentaire  au  brodequin  qui  sert  encore  après  45  ans  de  manipulation  vouée  à  l'  échec  .",brodequin
2019,"Comme  à  son  habitude  ,  le  géant  américain  n'  a  pas  choisi  une  date  si  évidente  pour  mettre  en  avant  les  brodequins  ,  bien  connus  en  Angleterre  sous  le  nom  de  ""  Wellies  ""  .",brodequins
2019,Un  prix  de  la  honte  reçu  à  coups  de  manigances  et  surtout  à  l'  intense  travail  de  lobbying  d'  ONG  '  s  pro-polisariennes  fortement  financées  par  les  autorités  algériennes  qui  lui  ont  permis  de  recevoir  des  distinctions  factices  à  la  faveur  d'  un  argumentaire  au  brodequin  qui  sert  encore  après  45  ans  de  manipulation  vouée  à  l'  échec  et  surtout  des  pétro-gazo  dollars  spoliés  allègrement  au  peuple  algérien  .,brodequin
2019,"Les  toutous  étaient  de  la  fête  ,  les  adeptes  de  la  marche  nordique  ,  ceux  qui  marchaient  avec  leurs  brodequins  ou  ceux  qui  couraient  avec  leur  chaussure  de  running  .",brodequins
2019,"Il  y  en  a  de  toutes  les  formes  ,  de  toutes  les  grandeurs  ,  depuis  les  mignons  souliers  bleus  des  petits  pieds  qui  hésitent  ,  jusqu'  aux  petites  bottes  qui  résonnent  si  ferme  en  remplissant  de  train  tout  le  logis  ;  depuis  le  brodequin  brodé  de  fourrures  ,  jusqu'  aux  petits  sabots  des  courses  indigentes  ;  jusqu'  à  ces  souliers  trop  grands  qui  chaussent  par  hasard  des  pieds  nus  ,  comme  si  le  pauvre  n'  avait  pas  d'  âge  ,  ni  le  droit  d'  être  enfant  .",brodequin
2019,"Un  retour  aux  casernes  algériennes  sans  pantalon  et  sans  brodequins  !  A  ce  titre  ,  j'  invite  les  lecteurs  à  écouter  ce  chant  sur  youtube  ""  Chant  des  Forces  Armées  Royales  المغرب  -  نشيد  القوات  المسلحة  الملكية  ""  .",brodequins
2020,"Par  la  suite  ,  des  industriels  s'  installeront  et  associeront  tanneries  et  fabrication  de  chaussures  :  les  familles  Leuger  (  1885  )  ,  Fouriscot  (  1887  )  qui  employa  jusqu'  à  300  ouvriers  vers  le  milieu  du  XXe  siècle  ,  Tonon-Laburthe  et  sa  marque  Arcus  ;  des  ateliers  artisanaux  ou  industriels  plus  ou  moins  importants  furent  créés  ,  soit  au  total  une  quarantaine  d'  entreprises  qui  travaillaient  dans  la  filière  du  cuir  et  de  la  chaussure  :  brodequins  pour  l'  armée  ,  chaussures  de  travail  ou  de  ville  .",brodequins
2020,"Cérémonie  officielle  et  parade  au  Centre  de  formation  de  Guercif  :  Des  appelés  ,  des  hommes  de  troupe  et  des  sous  officiers  défilent  ,  fusil  à  l'  épaule  ,  avec  treillis  ,  brodequins  ,  crispins  (  cache  chaussures  )  ,  écharpe  et  gants  blancs  (  Ph  .",brodequins
2020,"Tout  de  même  ,  ne  faudrait-il  pas  de  temps  en  temps  écraser  l'  orteil  de  celui  qui  vous  marche  régulièrement  sur  les  pieds  avec  les  brodequins  et  qui  vous  crache  à  la  figure  ,  juste  pour  qu'  il  sache  que  vous  n'  êtes  pas  un  tapis  roulant  ni  un  essuie-pieds  ?  Pour  moi  ,  cardinal  Ambongo  ,  Olomide  ,  Fayulu  ,  Muzito  et  les  FARDC  ont  permis  aux  Congolais  de  relever  la  tête  en  cette  nouvelle  année  .",brodequins
2020,"Mini-jupe  écossaise  bleue  ,  petit  gilet  blanc  et  brodequin  en  cuir  aux  pieds  ,  la  jeune  adolescente  fait  preuve  de  style  et  ses  followers  ne  manquent  pas  de  le  souligner  .",brodequin
2020,"Mini-jupe  écossaise  bleue  ,  petit  gilet  blanc  et  brodequins  en  cuir  aux  pieds  ,  l'  adolescente  a  su  faire  preuve  de  style  et  ses  followers  n'  ont  pas  manqué  de  le  souligner  .",brodequins
2020,"Le  jean  avec  différentes  couleurs  ,  délavé  ,  brut  ,  foncé  ...  on  l'  adopte  en  version  moderne  tout  en  l'  associant  avec  des  bottines  ou  des  brodequins  qui  s'  arrêtent  jusqu'  aux  chevilles  pour  avoir  l'  air  d'  une  vraie  modeuse  tendance  et  ultra  fashion  .",brodequins
2020,"Cisaillés  ,  détruits  à  coups  de  brodequins  ,  les  Buddléias  ont  souffert  et  devraient  faire  profil  bas  sur  ce  secteur  pendant  quelque  temps  .",brodequins
2020,"Cela  va  de  la  momie  d'  Otzi  ,  un  chasseur  du  néolithique  ,  à  des  brodequins  du  14  ème  siècle  ,  en  passant  par  des  armes  romaines  .",brodequins
2020,"La  chaussure  ,  la  mule  brodée  ,  la  socque  ,  la  galoche  ,  le  brodequin  ,  le  sabot  ,  la  bottine  ,  l'  escarpin  ,  la  sandale  ,  le  mocassin  ,  le  chausson  ,  la  cuissarde  ,  la  chopine  ,  bref  le  soulier  qu'  il  soit  à  boucle  ou  à  talon  ,  à  clou  ou  à  crampon  ,  qu'  il  soit  pour  la  danse  ou  pour  la  guerre  ,  long  et  épaté  pour  le  clown  ,  haut  et  lacé  pour  le  claque  ,  le  soulier  donc  est  toujours  le  reflet  de  notre  imaginaire  .",brodequin
2020," Brodequins  ,  mocassins  ,  escarpins  ,  militaires  ou  mondaines  ...  les  chaussures  nous  portent  ,  soustraient  une  part  de  notre  anatomie  aux  regards  des  autres  et  ,  parfois  ,  nous  rehaussent  à  leurs  yeux  .",brodequins
2020,"Dans  sa  toute  nouvelle  exposition  ""  Spectaculaire  !  La  chaussure  entre  en  scène  ""  ,  le  théâtre  ,  le  cirque  ou  le  cinéma  exposent  ses  bottes  ,  ses  escarpins  et  ses  brodequins  .",brodequins
2020,"Côté  cinéma  ,  Jean  Reno  ou  encore  Jean  Dujardin  ,  venus  tourner  dans  le  Béarn  ,  ont  adopté  des  brodequins  Le  Soulor  .",brodequins
2020,"""  Dans  les  années  1960  -  1970  ,  les  Anglais  se  nourrissaient  mal  ,  sans  plaisirs  ,  les  viandes  bouillies  avec  des  légumes  mal  cuits  ,  le  boeuf  façon  semelle  de  brodequin  sauce  à  la  menthe  ,  les  poissons  panés  grossièrement  ,  les  goûts  niés  :  les  choses  de  la  bonne  chère  n'  étaient  pas  entrées  dans  leur  ""  way  of  life  ""  sauf  pour  l'  élite  financière  et  l'  aristocratie  des  ""  rich  and  famous  ""  qui  avaient  acquis  des  références  ,  des  souvenirs  de  beaux  repas  en  voyageant  particulièrement  en  France  et  en  Italie  ""  ,  soutenait  Albert  Roux  au  site  Slate  .  fr  en  2012  .",brodequin
2020,"Cet  amour  tyrannique  pour  l'  Afrique  ,  pour  reprendre  l'  expression  du  poète  président  Léopold  Sedar  Senghor  ,  Pape  Diouf  l'  a  tété  à  la  naissance  dans  les  palmeraies  d'  Abéché  ,  au  Tchad  ,  d'  un  père  militaire  de  la  coloniale  ,  qui  voulait  le  voir  en  tenue  dans  les  rangs  afin  de  porter  son  héritage  du  fusil  ,  de  la  gamelle  ,  des  brodequins  ,  du  ceinturon  et  des  barrettes  au  son  du  clairon  .",brodequins
2020,"Ces  brodequins  étant  donnés  pour  imperméables  ,  je  les  ai  portés  sans  ménagement  les  trois  quarts  de  l'  année  (  pas  l'  hiver  du  fait  d'  une  protection  thermique  insuffisante  )  .",brodequins
2020,"Ce  claquement  de  brodequins  aux  portes  du  Maroc  ,  intervenu  en  plein  Ramadan  et  dans  le  contexte  du  Covid-  19  ,  a  été  placé  sous  le  slogan  ô  combien  révélateur  ""  fidélité  au  serment  ""  _c  '  est-à-dire  rien  de  nouveau  sous  le  soleil  malgré  le  changement  d'  un  président_  .",brodequins
2020,"Donc  pas  d'  inquiétude  ,  les  soldats  algériens  remonteront  leur  pantalon  et  détaleront  sans  leurs  brodequins  ,  comme  ils  l'  ont  toujours  fait  au  premier  coup  de  feu  !",brodequins
2020,"La  ministre  a  d'abord  mis  en  garde  contre  des  plans  trop  rigoureux  ,  véritables  ""  brodequins  d'  acier  ""  paralysant  l'  action  .",brodequins
2020,"""  Les  plans  de  lutte  imaginés  à  froid  sont  des  brodequins  d'  acier  qui  contraignent  la  décision  ""  ,  a-t-elle  jugé  ,  tranchante  ,  rappelant  l'  impératif  de  vrais  choix  politiques  :  ""  En  matière  de  santé  publique  ,  il  n'  y  a  pas  de  demi-choix  .",brodequins
2020,Pantin  désarticulé  sous  le  choc  :  l'  un  de  ses  brodequins  perdu  ...  et  son  fusil  et  son  casque  idem  .,brodequins
2020,"En  1925  ,  l'  aïeul  de  Joseph  ""  Aldo  ""  Paradis-Pomiès  avait  fondé  l'  entreprise  pour  y  fabriquer  des  brodequins  et  des  bottes  d'  aviateur  ""  Le  Tourmalet  ""  qui  partaient  à  la  Samaritaine  ,  au  Bon  Marché  .",brodequins
2020,"Mais  si  on  en  est  encore  là  ,  c'  est  sûrement  parce  que  contrairement  aux  américains  qui  ,  malgré  les  imperfections  de  leur  Constitution  ,  s'  y  identifient  et  ""  s'  y  adaptent  comme  les  soldats  s'  adaptent  à  leurs  brodequins  ""  (  in  M.  N.  ,  Donald  Trump  ou  les  trompettes  de  Jéricho  ,  2016  )  ,  le  Sénégalais  ou  le  Béninois  ne  se  satisfait  pas  de  la  Loi  fondamentale  qui  gouverne  la  société  à  laquelle  il  appartient  .",brodequins
2020,La  France  promène  ses  brodequins  dans  la  crise  politique  malienne  .,brodequins
2020,"Le  9  décembre  1933  ,  tandis  qu'  une  forêt  de  parapluies  et  de  chapeaux  melon  ruisselants  encombrait  les  rues  de  Londres  ,  un  garçon  de  18  ans  en  brodequins  cloutés  filait  vers  le  port  de  la  Tamise  .",brodequins
2020,"Dans  le  dernier  paragraphe  du  chapitre  titré  ""  c'  est  nous  les  Africains  ""  ,  l'  auteur  écrit  noir  sur  blanc  en  martelant  :  ""  l'  Afrique  aux  Africains  Ị  ,  l'  Afrique  aux  Africains  Ị  ,  l'  Afrique  aux  africains  Ị  battant  le  sol  de  ses  brodequins  délacés  ,  il  fait  le  tour  du  monument  ,  en  sens  inverse  cette  fois  ,  accompagnés  par  les  jappements  d'  approbation  de  Galouf  .",brodequins
2020,"A  l'  époque  ,  pour  jouer  au  football  ,  ""  il  fallait  un  carré  d'  herbe  ,  des  chaussures  de  ville  ou  des  brodequins  cloutés  ,  la  tenue  du  dimanche  ou  un  pantalon  raccourci  ""  ,  rapporte  Guy  Malbrand  ,  le  président  d'  honneur  .",brodequins
2020,"""  Je  marche  sur  les  chemins  en  brodequins  .",brodequins
2020,"Ces  images  tournées  à  bout  de  bras  par  des  manifestants  avec  leurs  téléphones  portables  ou  par  des  journalistes  reporters  d'  images  ,  sont  de  véritables  cailloux  dans  les  brodequins  de  l'  exécutif  ,  car  ils  témoignent  de  la  disproportion  ,  de  l'  illégitimité  ,  de  la  gratuité  des  violences  perpétrées  au  nom  de  la  loi  contre  une  population  qui  manifeste  et  exerce  son  droit  de  manifester  .",brodequins
2020,"Son  fils  ,  Jules  ,  reprit  le  flambeau  mais  les  sabots  et  galoches  passèrent  de  mode  et  les  brodequins  remplacèrent  ces  chaussures  aux  ferrures  ,  d'abord  métalliques  avec  clous  ,  puis  caoutchoutées  avec  semences  (  petites  pointes  )  .",brodequins
2020,"""  En  2000  ,  une  paire  de  brodequins  m'  a  été  envoyé  par  Maître  T  *  ,  avocat  à  la  Cour  d'  Appel  de  Poitiers  alors  qu'  il  avait  95  ans  .",brodequins
2020,Deux  plaques  rotatives  placées  au  bas  des  brodequins  robotisés  permettent  d'  orienter  ses  pas  .,brodequins
2020,"Vers  22  h  30  ,  grand  branle-bas  autour  des  bannis  :  les  lumières  zébrantes  des  lampes-torches  et  les  bruits  de  brodequins  n'  augurent  rien  de  bon  .",brodequins
2020,"Mais  ,  comme  les  juges  voulaient  en  savoir  un  peu  plus  sur  le  rôle  de  ses  comparses  ,  ils  lui  font  subir  ,  en  guise  de  préliminaire  ,  le  supplice  dit  ""  des  brodequins  ""  .",brodequins
2020,"On  apprend  ,  par  ailleurs  ,  qu'  avant  d'  enfiler  son  treillis  et  chausser  son  brodequin  ,  Biadillah  a  effectué  une  tournée  dans  les  khaimas  des  principaux  chioukhs  des  tribus  dans  les  camps  de  Tindouf  en  vue  de  solliciter  leurs  appuis  à  sa  démarche  .",brodequin
2020,"Avec  un  brin  de  persiflage  ,  comment  ne  pas  me  rappeler  l'  histoire  de  ce  papi  de  mon  terroir  qui  répondit  à  l'  appel  sous  le  drapeau  tricolore  pendant  la  colonisation  ,  les  pieds  nus  et  les  brodequins  enlacés  au  cou  .",brodequins
2020,"À  travers  des  objets  pieusement  ramenés  par  les  rescapés  et  allant  de  la  gamelle  au  masque  à  gaz  ,  en  passant  par  le  casque  et  les  brodequins  .",brodequins
2020,"A  l'  origine  en  cuir  ,  version  adaptée  au  ski  des  lourds  brodequins  d'  alpinisme  ,  dotée  de  crochets  de  fermeture  dans  les  années  60  ,  un  temps  dominée  par  la  vogue  des  coques  montantes  futuristes  ,  la  chaussure  de  ski  moderne  est  légère  ,  précise  ,  confortable  ,  chaude  et  surtout  adaptable  à  toutes  les  morphologies  .",brodequins
2020,"Marque  qui  révolutionne  le  marché  de  la  chaussure  de  montagne  ,  en  créant  les  premiers  brodequins  .",brodequins
2020,La  femme  Derobaz  finit  par  avouer  tous  ses  crimes  après  que  la  question  du  brodequin  lui  fut  appliquée  .,brodequin
2020,À  tel  point  qu'  il  a  décidé  de  libérer  sa  parole  plutôt  que  ses  brodequins  .,brodequins
2020,"Il  fallait  donc  chausser  de  bons  brodequins  pour  comprendre  l'  énigme  du  Niger  ,  au  parcours  improbable  .",brodequins
2021,"Ces  miliciens  dont  certains  étaient  connus  comme  petits  voyous  et  revendeurs  d'  encens  et  de  chapelets  à  la  sauvette  dans  des  quartiers  populaires  voisins  de  la  faculté  ,  rappelaient  par  leur  uniforme  -  habit  afghan  et  brodequins  militaires  -  et  leur  comportement  violent  ,  leurs  chants  ,  les  groupuscules  islamo-fascistes  sévissant  dans  d'  autres  pays  .",brodequins
2021,"Finis  les  godillots  ,  les  brodequins  balourds  ,  la  marche  hésitante  sur  un  sentier  escarpé  et  semé  de  nids  de  poules  .",brodequins
2021,"""  Pour  ce  Parisien  du  11  arrondissement  ,  toutes  les  occasions  sont  bonnes  pour  chevaucher  sa  bécane  et  filer  dans  sa  maison  de  campagne  ,  sur  les  bords  de  l'  Yerres  (  Essonne  )  ,  ses  robustes  brodequins  de  montagne  aux  pieds  .",brodequins
2021,"Pour  ne  pas  glisser  sur  le  verglas  ,  ma  mère  me  faisait  mettre  des  chaussettes  en  laine  sur  les  brodequins  .",brodequins
2021,"Le  matassin  Castro  aura-t-il  cependant  autant  de  classe  ,  s'  il  lui  prend  de  vouloir  exécuter  une  danse  dans  la  belle  verdure  du  parc  Georges-Valbon  ,  que  ces  matachines  tarahumaras  décrits  par  Régis  Hébraud  ,  ""  offrant  le  contraste  d'  un  haut  royal  et  d'  un  bas  burlesque  :  des  pantalons  ,  des  chaussettes  de  foot  et  de  gros  brodequins  ""  ?",brodequins
2021,"Si  vous  de  prГ  ©  fГ  ©  renceOu  rap  ,  !  travailla  nova  sinon  gothique  n'  rollEt  l'  application  Louise  continue  l'  entremetteuse  avГ  ©  rГ  ©  s  mГ  ©  lomanes  Au  regard  de  l'  ensemble  de  vos  besoins  beauxSauf  Que  la  miss  consid  brodequin  vers  la  panard  ou  bien  de  prГ  ©  fГ  ©  rence  archivage  A  votre  blondis  Louise  vaut  ^  par  exemple  collectif  affable  Fournir  puis  interroger  de  la  musique  en  temps  profond  votre  part  accorde  de  quelques  cГґtГ  ©  s  l'  explication  est  en  mesure  donc  s'  engager  GeekMeMore  Comme  afin  que  la  somme  des  penchant  nous  collationnent",brodequin
2021,"Je  suis  donc  démodé  .  Quelle  sentence  va  encore  me  tomber  sur  le  coin  de  la  gueule  ?  Les  fers  ,  la  poix  brulante  ,  la  grande  question  a  dix  coins  les  pieds  coincés  dans  les  brodequins  ,  l'  écartèlement  ?  Quel  suspense  ....",brodequins
2021,"C'  est  pourquoi  nous  devrions  être  fort  ,  bien  armés  avec  des  soldats  bien  en  condition  ,  capables  de  courir  avec  paquetage  au  dos  ,  fusils  et  gilet  de  5  kg  enfile  et  brodequins  aux  pieds  .",brodequins
2021,"Chaque  création  à  un  titre  :  Cyprien  du  Larzac  ,  Causerie  avec  le  thon  ,  Pari  gagné  ,  Lou  papé  ,  Reflets  d'  hiver  ,  Un  petit  baiser  sous  la  pluie  ,  Le  troupeau  à  Martinien  ,  Les  brodequins  ,  La  machine  infernale  de  Pépé  ,  etc  .",brodequins
